{
  "Albania": 18.79,
  "Austria": 10.67,
  "Belgium": 6.995,
  "Bulgaria": 8.68,
  "Bosnia and Herzegovina": 12.395,
  "Belarus": 22.13,
  "Switzerland": 9.523333,
  "Czech Republic": 11.225,
  "Germany": 8.584,
  "Denmark": 7.68,
  "Spain": 9.106,
  "Estonia": 11.38,
  "Finland": 8.48,
  "France": 13.455,
  "United Kingdom": 12.236667,
  "Greece": 6.996667,
  "Croatia": 12.4975,
  "Hungary": 10.1,
  "Ireland": 9.86,
  "Iceland": 5.69,
  "Italy": 12.633333,
  "Kosovo": 12.56,
  "Lithuania": 13.16,
  "Luxembourg": 9.01,
  "Latvia": 11.2,
  "Moldova": 18.68,
  "Macedonia": 14.375,
  "Montenegro": 15.31,
  "Netherlands": 8.82,
  "Norway": 8.0275,
  "Poland": 10.435,
  "Portugal": 9.895,
  "Romania": 11.331429,
  "Russian Federation": 16.793333,
  "Serbia": 16.645,
  "Slovakia": 10.595,
  "Slovenia": null,
  "Sweden": 9.88,
  "Ukraine": 27.2725
}
